{"stats":{"minecraft:picked_up":{"minecraft:cocoa_beans":3,"minecraft:charcoal":2,"minecraft:crafting_table":6,"apocalypsenow:fire_figther_boots":1,"minecraft:leather_leggings":1,"minecraft:wooden_pickaxe":1,"minecraft:brown_bed":1,"minecraft:stone_brick_wall":3,"minecraft:potion":6,"apocalypsenow:can_opener":2,"minecraft:red_bed":4,"minecraft:string":144,"minecraft:wooden_sword":2,"quark:polished_calcite_vertical_slab":3,"apocalypsenow:medicalkit":4,"alexsmobs:banana":2,"minecraft:spruce_planks":3,"apocalypsenow:serrated_machete":2,"minecraft:beef":8,"minecraft:jungle_sapling":2,"minecraft:melon_slice":90,"minecraft:birch_sapling":12,"farmersdelight:kelp_roll_slice":3,"minecraft:stick":35,"minecraft:raw_iron":5,"embellishcraft:smooth_marble":9,"minecraft:torch":22,"apocalypsenow:canned_pork":2,"minecraft:spruce_stairs":2,"minecraft:cookie":3,"minecraft:pointed_dripstone":1,"chalk:blue_chalk":1,"minecraft:carrot":1,"simplylight:illuminant_block_on":7,"apocalypsenow:fire_figther_leggings":4,"tac:vector45":1,"farmersdelight:melon_popsicle":3,"embellishcraft:steel_door":1,"minecraft:stone_sword":4,"minecraft:rotten_flesh":132,"apocalypsenow:baseball_bat":1,"biomesoplenty:mahogany_sapling":2,"embellishcraft:smooth_slate_stairs":1,"apocalypsenow:bikers_helmet":1,"farmersdelight:melon_juice":4,"minecraft:mutton":1,"minecraft:iron_bars":4,"apocalypsenow:money_block":1,"minecraft:white_wool":1,"minecraft:cobblestone":248,"minecraft:birch_log":53,"tac:round45":33,"apocalypsenow:knife_spear":2,"another_furniture:birch_shutter":1,"minecraft:feather":4,"artifacts:digging_claws":1,"minecraft:jungle_log":83,"minecraft:leather":2,"artifacts:thorn_pendant":1,"minecraft:potato":1,"minecraft:birch_planks":1,"minecraft:flint":1,"minecraft:oak_log":48,"apocalypsenow:construction_chestplate":1,"farmersdelight:chicken_sandwich":5,"quark:stripped_dark_oak_post":1,"minecraft:dirt":181,"apocalypsenow:canned_tomatos":5,"artifacts:shock_pendant":1,"minecraft:cooked_mutton":2,"apocalypsenow:u_sarmy_leggings":1,"apocalypsenow:cooked_human_flesh":1,"minecraft:bone":152,"farmersdelight:salmon_roll":3,"minecraft:stone_bricks":21,"apocalypsenow:human_flesh":22,"minecraft:wheat_seeds":3,"ftbquests:book":5,"apocalypsenow:beer":2,"minecraft:iron_ingot":1,"minecraft:stone_pickaxe":1,"apocalypsenow:fire_figther_helmet":1,"minecraft:mossy_stone_bricks":4,"create:polished_cut_calcite_wall":4,"minecraft:glass_bottle":8,"tac:9mm_round":58,"apocalypsenow:electric_baton":2,"apocalypsenow:red_crowbar":1,"minecraft:oak_planks":14,"apocalypsenow:blue_football_armor_boots":1,"firstaid:plaster":4,"apocalypsenow:canned_carrot":6,"apocalypsenow:u_sarmy_chestplate":2,"minecraft:sweet_berries":10,"minecraft:gravel":4,"apocalypsenow:royal_canada_police_officer_helmet":1,"minecraft:stone_axe":1,"quark:gray_shard":24,"alexsmobs:maggot":2,"minecraft:oak_sapling":13,"rocks:cobblestone_splitter":2,"minecraft:coal":69,"minecraft:diamond_pickaxe":1},"minecraft:used":{"farmersdelight:kelp_roll_slice":3,"minecraft:stone_sword":128,"apocalypsenow:ballpeen_hammer":8,"minecraft:wooden_shovel":17,"farmersdelight:melon_juice":4,"minecraft:torch":19,"minecraft:dirt":103,"embellishcraft:smooth_marble":1,"minecraft:wooden_axe":26,"apocalypsenow:beer":2,"farmersdelight:melon_popsicle":3,"apocalypsenow:serrated_machete":48,"apocalypsenow:money_block":1,"minecraft:oak_sapling":1,"minecraft:furnace":3,"apocalypsenow:open_canned_pork":5,"minecraft:pointed_dripstone":1,"minecraft:cooked_mutton":1,"apocalypsenow:electric_baton":282,"minecraft:birch_planks":1,"apocalypsenow:red_crowbar":1,"minecraft:stone_pickaxe":213,"minecraft:oak_planks":11,"minecraft:wooden_pickaxe":133,"simplylight:illuminant_block_on":7,"minecraft:cookie":5,"farmersdelight:chicken_sandwich":3,"minecraft:crafting_table":8,"minecraft:red_bed":3,"apocalypsenow:coke":3,"minecraft:melon_slice":20,"apocalypsenow:expedition_knife":54,"minecraft:wooden_sword":103,"minecraft:potion":25},"minecraft:broken":{"minecraft:wooden_pickaxe":2,"apocalypsenow:construction_chestplate":1,"minecraft:wooden_axe":1,"apocalypsenow:bikers_helmet":1},"minecraft:killed_by":{"minecraft:husk":4,"minecraft:player":2,"zombie_extreme:runner":5,"hordes:zombie_player":7,"zombie_extreme:infected_police":1,"undead_revamp2:bomber":1,"minecraft:zombie":14,"undead_revamp2:thesmoker":11},"minecraft:mined":{"minecraft:spruce_planks":3,"minecraft:oak_sapling":2,"farmersdelight:wild_carrots":1,"minecraft:jungle_leaves":3,"minecraft:gray_stained_glass_pane":4,"minecraft:glow_lichen":1,"minecraft:ladder":3,"minecraft:grass_block":61,"minecraft:stone_brick_wall":4,"create:polished_cut_calcite_wall":4,"cfm:rock_path":1,"minecraft:spruce_leaves":1,"biomesoplenty:dead_grass":1,"rocks:rock":3,"minecraft:spawner":4,"create:cut_calcite":3,"minecraft:large_fern":1,"simplylight:illuminant_block_on":9,"minecraft:jungle_sapling":1,"minecraft:iron_ore":5,"rocks:oak_stick":1,"minecraft:brown_bed":1,"minecraft:pointed_dripstone":1,"biomesoplenty:mahogany_leaves":2,"minecraft:vine":5,"minecraft:iron_bars":4,"embellishcraft:spruce_plain_door":1,"minecraft:stone":248,"create:dark_oak_window_pane":2,"minecraft:podzol":2,"minecraft:glass_pane":4,"minecraft:red_bed":4,"minecraft:powder_snow":22,"minecraft:crafting_table":6,"minecraft:torch":7,"minecraft:gray_stained_glass":2,"minecraft:melon":13,"another_furniture:birch_shutter":1,"embellishcraft:smooth_slate_stairs":1,"embellishcraft:polished_marble":3,"minecraft:campfire":1,"embellishcraft:gneiss_large_bricks_wall":1,"biomesoplenty:sprout":1,"minecraft:oak_planks":5,"minecraft:wall_torch":14,"quark:stripped_dark_oak_post":1,"minecraft:spruce_stairs":2,"minecraft:birch_log":23,"minecraft:birch_leaves":7,"minecraft:grass":16,"embellishcraft:smooth_marble":10,"biomesoplenty:clover":1,"create:vertical_framed_glass_pane":1,"minecraft:oak_log":43,"minecraft:coal_ore":37,"minecraft:cocoa":1,"minecraft:gravel":4,"minecraft:dirt":130,"minecraft:cobweb":7,"quark:polished_calcite_vertical_slab":2,"minecraft:stone_bricks":21,"cfm:cyan_kitchen_counter":1,"minecraft:mossy_stone_bricks":2,"minecraft:oak_leaves":151,"minecraft:fern":17},"minecraft:custom":{"lootr:looted_stat":23,"minecraft:mob_kills":292,"minecraft:interact_with_crafting_table":46,"minecraft:open_barrel":1,"minecraft:microwave_used":1,"minecraft:damage_dealt_resisted":74,"minecraft:leave_game":8,"minecraft:time_since_death":73981,"minecraft:climb_one_cm":29946,"minecraft:sprint_one_cm":835632,"minecraft:walk_one_cm":1575837,"minecraft:drop":42,"minecraft:talked_to_villager":3,"minecraft:use_bathtub":2,"minecraft:play_time":455121,"minecraft:sneak_time":9,"minecraft:deaths":49,"minecraft:walk_under_water_one_cm":7699,"minecraft:boat_one_cm":53863,"minecraft:jump":4116,"minecraft:walk_on_water_one_cm":25815,"minecraft:total_world_time":455121,"minecraft:interact_with_furnace":27,"minecraft:stove_opened":1,"minecraft:trashcan_opened":1,"minecraft:interact_with_stonecutter":1,"minecraft:sleep_in_bed":11,"minecraft:time_since_rest":35799,"minecraft:damage_taken":13843,"minecraft:damage_dealt":19400,"minecraft:freezer_opened":10,"minecraft:fly_one_cm":217832,"minecraft:player_kills":1,"minecraft:interact_with_smoker":2,"minecraft:fall_one_cm":91694},"minecraft:dropped":{"apocalypsenow:human_flesh":2,"apocalypsenow:police_helmet":1,"minecraft:wheat_seeds":1,"minecraft:dirt":1,"rocks:cobblestone_splitter":1,"minecraft:torch":6,"minecraft:melon_slice":1,"minecraft:potion":1,"minecraft:wooden_sword":2,"apocalypsenow:can":5,"ftbquests:book":5,"chalk:blue_chalk":1,"apocalypsenow:fire_figther_helmet":1,"minecraft:stone_sword":2,"minecraft:cocoa_beans":3,"another_furniture:birch_shutter":1,"apocalypsenow:baseball_bat":1,"apocalypsenow:serrated_machete":1,"apocalypsenow:fire_figther_leggings":2,"apocalypsenow:knife_spear":1,"minecraft:mossy_stone_bricks":2,"apocalypsenow:electric_baton":2,"apocalypsenow:cooked_human_flesh":1,"minecraft:stone_bricks":17,"minecraft:iron_bars":1,"biomesoplenty:mahogany_sapling":2,"apocalypsenow:can_opener":1,"firstaid:plaster":1},"minecraft:killed":{"zombiemobs:zombie_horsee":2,"hordes:zombie_player":2,"zombiemobs:zombie_chicken":1,"undead_revamp2:thesmoker":10,"alexsmobs:seagull":1,"zombie_extreme:runner":13,"zombie_extreme:crawler":3,"minecraft:parrot":1,"minecraft:husk":21,"undead_revamp2:the_moonflower":8,"zombiemobs:zombie_fox":1,"minecraft:sheep":1,"minecraft:zombie":129,"alexsmobs:fly":2,"minecraft:cow":2},"minecraft:crafted":{"minecraft:wooden_sword":5,"minecraft:oak_planks":172,"minecraft:leather_leggings":1,"minecraft:furnace":3,"minecraft:cooked_mutton":1,"minecraft:leather":14,"minecraft:stone_pickaxe":3,"minecraft:wooden_shovel":2,"minecraft:crafting_table":7,"minecraft:wooden_pickaxe":5,"minecraft:leather_helmet":1,"minecraft:birch_planks":80,"minecraft:stone_axe":1,"minecraft:charcoal":14,"minecraft:stick":80,"apocalypsenow:cooked_human_flesh":1,"minecraft:leather_chestplate":1,"minecraft:wooden_axe":4,"minecraft:stone_sword":2,"minecraft:torch":6}},"DataVersion":2975}