{"stats":{"minecraft:picked_up":{"create:cut_calcite":3,"apocalypsenow:apple_juice":2,"quark:stone_vertical_slab":8,"minecraft:crafting_table":2,"cfm:stone_table":1,"apocalypsenow:fire_figther_boots":3,"minecraft:wooden_pickaxe":1,"apocalypsenow:blue_football_armor_helmet":1,"embellishcraft:white_steel_door":4,"minecraft:string":244,"minecraft:dark_oak_trapdoor":1,"pfm:oak_gray_simple_bed":5,"quark:polished_calcite_vertical_slab":4,"minecraft:zombie_head":1,"apocalypsenow:construction_boots":2,"minecraft:spruce_planks":22,"apocalypsenow:can":5,"minecraft:smooth_quartz":5,"minecraft:spruce_slab":3,"minecraft:quartz_stairs":1,"cfm:cyan_kitchen_counter":2,"minecraft:stick":3,"embellishcraft:smooth_slate":5,"embellishcraft:smooth_marble":26,"minecraft:torch":14,"minecraft:carrot":1,"apocalypsenow:iron_baseball_bat":1,"quark:spruce_vertical_slab":1,"simplylight:illuminant_block_on":1,"apocalypsenow:fire_figther_leggings":1,"minecraft:dark_oak_planks":10,"minecraft:quartz_block":2,"embellishcraft:steel_door":3,"apocalypsenow:porpsi":5,"minecraft:rotten_flesh":191,"apocalypsenow:whisky":1,"createaddition:barbed_wire":4,"minecraft:cyan_terracotta":2,"minecraft:gold_ingot":4,"minecraft:iron_bars":6,"apocalypsenow:fire_figther_chestplate":3,"minecraft:cobblestone":2,"tac:round45":15,"minecraft:leather_chestplate":1,"minecraft:birch_slab":8,"minecraft:potato":2,"minecraft:birch_planks":31,"quark:iron_ladder":1,"embellishcraft:polished_marble":1,"minecraft:gunpowder":3,"refinedstorage:improved_processor":1,"apocalypsenow:construction_chestplate":4,"minecraft:dirt":37,"embellishcraft:gneiss_large_bricks_wall":1,"minecraft:red_carpet":1,"apocalypsenow:u_sarmy_leggings":3,"minecraft:bone":240,"apocalypsenow:construction_leggings":3,"minecraft:stone_bricks":5,"apocalypsenow:human_flesh":3,"minecraft:wheat_seeds":1,"ftbquests:book":1,"apocalypsenow:money":4,"refinedstorage:cable":5,"create:polished_cut_calcite_wall":3,"minecraft:glass_bottle":8,"tac:9mm_round":34,"minecraft:dark_oak_stairs":2,"minecraft:book":3,"minecraft:birch_boat":2,"minecraft:pumpkin":1,"apocalypsenow:small_can":8,"minecraft:birch_stairs":6,"cfm:oak_hedge":3,"apocalypsenow:black_motorcycle_helmet_helmet":1,"apocalypsenow:dagger":1,"create:polished_cut_limestone":2,"apocalypsenow:coke":1,"pfm:basic_sink":1,"immersiveengineering:seed":1,"quark:oak_hedge":1,"minecraft:baked_potato":2,"minecraft:red_nether_brick_slab":2,"quark:gray_shard":44,"apocalypsenow:construction_helmet":2,"minecraft:coal":15,"rocks:cobblestone_splitter":1},"minecraft:used":{"apocalypsenow:ballpeen_hammer":12,"minecraft:spruce_slab":3,"apocalypsenow:chips":1,"farmersdelight:melon_juice":28,"minecraft:torch":10,"minecraft:dirt":14,"apocalypsenow:grape_juice":1,"apocalypsenow:pipe_wrench":9,"minecraft:dark_oak_planks":1,"embellishcraft:smooth_marble":2,"minecraft:wooden_axe":5,"apocalypsenow:gardening_axe":46,"farmersdelight:melon_popsicle":3,"quark:spruce_vertical_slab":1,"embellishcraft:smooth_slate":1,"apocalypsenow:porpsi":4,"apocalypsenow:gardening_scissors":2,"apocalypsenow:night_stick":7,"farmersdelight:hamburger":2,"minecraft:dark_oak_stairs":1,"apocalypsenow:vodka":4,"apocalypsenow:electric_baton":436,"minecraft:birch_planks":3,"minecraft:stone_pickaxe":96,"minecraft:birch_boat":1,"minecraft:wooden_pickaxe":70,"minecraft:dark_oak_trapdoor":1,"farmersdelight:chicken_sandwich":5,"farmersdelight:cod_slice":4,"minecraft:crafting_table":6,"apocalypsenow:coke":4,"apocalypsenow:u_sarmy_leggings":1,"farmersdelight:hot_cocoa":1,"minecraft:diamond_pickaxe":39,"farmersdelight:apple_cider":13,"apocalypsenow:iron_baseball_bat":66,"minecraft:birch_slab":4,"minecraft:diamond_ore":10,"apocalypsenow:expedition_knife":108,"apocalypsenow:dagger":289,"minecraft:wooden_sword":57,"farmersdelight:egg_sandwich":2,"apocalypsenow:golf_stick":19,"apocalypsenow:cereal":4,"minecraft:birch_stairs":2,"pfm:oak_gray_simple_bed":1},"minecraft:broken":{"apocalypsenow:construction_boots":1,"apocalypsenow:blue_football_armor_helmet":1,"minecraft:stone_pickaxe":1},"minecraft:killed_by":{"minecraft:husk":1,"undead_revamp2:the_moonflower":2,"zombie_extreme:runner":1,"hordes:zombie_player":3,"undead_revamp2:bomber":1,"minecraft:zombie":10,"undead_revamp2:thesmoker":1},"minecraft:dropped":{"minecraft:glass_bottle":10,"apocalypsenow:canned_carrot":6,"tac:round45":23,"artifacts:shock_pendant":1,"minecraft:cookie":3,"apocalypsenow:medicalkit":4,"apocalypsenow:red_crowbar":1,"embellishcraft:white_steel_door":1,"apocalypsenow:canned_tomatos":5,"minecraft:dirt":20,"artifacts:thorn_pendant":1,"farmersdelight:melon_popsicle":3,"embellishcraft:steel_door":3,"minecraft:melon_slice":21,"minecraft:potion":4,"minecraft:wooden_sword":1,"apocalypsenow:beer":2,"ftbquests:book":1,"apocalypsenow:glassbottle":1,"artifacts:digging_claws":1,"farmersdelight:melon_juice":4,"minecraft:stone_axe":1,"minecraft:stone_sword":1,"apocalypsenow:small_can":2,"minecraft:rotten_flesh":2,"refinedstorage:improved_processor":1,"farmersdelight:chicken_sandwich":5,"apocalypsenow:canned_pork":2,"minecraft:leather_chestplate":1,"apocalypsenow:construction_chestplate":1,"apocalypsenow:serrated_machete":1,"minecraft:diamond_pickaxe":1,"apocalypsenow:knife_spear":1,"apocalypsenow:dagger":1,"minecraft:leather_leggings":1,"apocalypsenow:royal_canada_police_officer_helmet":1,"minecraft:birch_boat":1,"tac:vector45":1,"apocalypsenow:can_opener":1,"firstaid:plaster":3,"tac:9mm_round":45},"minecraft:custom":{"minecraft:interact_with_smithing_table":1,"lootr:looted_stat":54,"minecraft:mob_kills":304,"minecraft:interact_with_crafting_table":20,"minecraft:open_barrel":12,"minecraft:damage_dealt_resisted":40,"minecraft:leave_game":7,"minecraft:time_since_death":134713,"minecraft:climb_one_cm":38623,"minecraft:sprint_one_cm":212596,"minecraft:walk_one_cm":1331676,"minecraft:fridge_opened":35,"minecraft:drop":53,"minecraft:talked_to_villager":7,"minecraft:play_time":281649,"minecraft:deaths":20,"minecraft:sneak_time":800,"minecraft:walk_under_water_one_cm":3067,"minecraft:boat_one_cm":238,"minecraft:jump":2005,"minecraft:drawer_searched":2,"minecraft:walk_on_water_one_cm":6546,"minecraft:total_world_time":281649,"minecraft:interact_with_furnace":1,"minecraft:toilet_used":6,"minecraft:interact_with_cartography_table":2,"minecraft:stove_opened":3,"minecraft:trashcan_opened":1,"minecraft:interact_with_stonecutter":1,"minecraft:sleep_in_bed":2,"minecraft:cabinet_searched":10,"minecraft:time_since_rest":35736,"minecraft:damage_taken":8186,"minecraft:damage_dealt":28726,"minecraft:swim_one_cm":2915,"minecraft:fly_one_cm":107534,"minecraft:freezer_opened":16,"minecraft:player_kills":2,"minecraft:crouch_one_cm":1975,"minecraft:interact_with_smoker":1,"minecraft:fall_one_cm":59131},"minecraft:mined":{"minecraft:red_nether_brick_slab":2,"minecraft:red_carpet":1,"minecraft:spruce_planks":22,"minecraft:quartz_stairs":1,"embellishcraft:white_steel_door":3,"minecraft:gray_stained_glass_pane":10,"minecraft:grass_block":6,"create:polished_cut_calcite_wall":3,"minecraft:birch_slab":5,"rocks:rock":1,"minecraft:spawner":29,"create:cut_calcite":3,"minecraft:black_stained_glass_pane":1,"create:framed_glass_pane":2,"minecraft:dark_oak_trapdoor":1,"rocks:oak_stick":2,"minecraft:pumpkin":1,"minecraft:dark_oak_stairs":2,"create:polished_cut_limestone":2,"minecraft:bookshelf":1,"rocks:birch_stick":1,"minecraft:iron_bars":6,"apocalypsenow:construction_barricade":1,"minecraft:stone":7,"create:dark_oak_window_pane":22,"minecraft:spruce_slab":3,"minecraft:birch_stairs":4,"embellishcraft:steel_door":1,"minecraft:quartz_block":8,"minecraft:cyan_terracotta":3,"cfm:oak_hedge":3,"pfm:basic_sink":1,"embellishcraft:smooth_slate":8,"minecraft:crafting_table":3,"apocalypsenow:money_block":1,"minecraft:gray_stained_glass":21,"minecraft:stone_slab":2,"embellishcraft:gneiss_large_bricks_wall":1,"createaddition:barbed_wire":4,"minecraft:birch_planks":34,"embellishcraft:oak_table":1,"cfm:stone_table":1,"quark:spruce_vertical_slab":1,"minecraft:grass":3,"embellishcraft:smooth_marble":27,"minecraft:coal_ore":16,"quark:oak_hedge":1,"minecraft:zombie_head":1,"minecraft:dirt":20,"quark:stone_vertical_slab":10,"minecraft:smooth_quartz":2,"pfm:oak_gray_simple_bed":5,"minecraft:cobweb":32,"cfm:cyan_kitchen_counter":2,"minecraft:stone_bricks":7,"quark:polished_calcite_vertical_slab":7,"minecraft:oak_leaves":2,"quark:iron_ladder":1,"minecraft:dark_oak_planks":11},"minecraft:killed":{"hordes:zombie_player":1,"undead_revamp2:thesmoker":7,"undead_revamp2:bomber":3,"undead_revamp2:thepregnant":2,"zombie_extreme:runner":4,"minecraft:husk":14,"undead_revamp2:the_moonflower":4,"minecraft:zombie":202,"zombie_extreme:infected_police":3},"minecraft:crafted":{"minecraft:wooden_sword":3,"minecraft:birch_boat":1,"minecraft:crafting_table":4,"minecraft:wooden_pickaxe":3,"minecraft:diamond_pickaxe":2,"minecraft:stick":16,"minecraft:wooden_axe":1}},"DataVersion":2975}