{"stats":{"minecraft:crafted":{"minecraft:wooden_sword":1,"minecraft:oak_planks":96,"minecraft:wooden_shovel":1,"minecraft:crafting_table":2,"minecraft:wooden_pickaxe":2,"minecraft:furnace":1,"minecraft:birch_planks":68,"minecraft:stick":32,"minecraft:stone_pickaxe":2,"minecraft:wooden_axe":1,"minecraft:stone_sword":1},"minecraft:mined":{"minecraft:oak_sapling":1,"farmersdelight:wild_carrots":1,"minecraft:jungle_leaves":1,"minecraft:crafting_table":2,"minecraft:torch":4,"minecraft:grass_block":16,"minecraft:campfire":1,"minecraft:wall_torch":7,"minecraft:spawner":1,"minecraft:jungle_sapling":1,"minecraft:birch_log":20,"minecraft:iron_ore":5,"rocks:oak_stick":1,"minecraft:birch_leaves":7,"minecraft:brown_bed":1,"minecraft:grass":8,"minecraft:oak_log":24,"minecraft:coal_ore":33,"minecraft:iron_bars":2,"minecraft:dirt":41,"minecraft:stone":171,"minecraft:oak_leaves":41,"minecraft:fern":1},"minecraft:custom":{"minecraft:interact_with_furnace":2,"lootr:looted_stat":2,"minecraft:mob_kills":38,"minecraft:interact_with_crafting_table":14,"minecraft:leave_game":3,"minecraft:time_since_death":23148,"minecraft:sleep_in_bed":4,"minecraft:climb_one_cm":960,"minecraft:time_since_rest":23187,"minecraft:sprint_one_cm":167556,"minecraft:damage_taken":3909,"minecraft:walk_one_cm":360927,"minecraft:drop":15,"minecraft:damage_dealt":4201,"minecraft:player_kills":1,"minecraft:talked_to_villager":1,"minecraft:freezer_opened":1,"minecraft:fly_one_cm":39430,"minecraft:play_time":121786,"minecraft:deaths":15,"minecraft:walk_under_water_one_cm":1755,"minecraft:jump":959,"minecraft:walk_on_water_one_cm":2217,"minecraft:total_world_time":121786,"minecraft:fall_one_cm":22751},"minecraft:used":{"minecraft:stone_sword":99,"apocalypsenow:ballpeen_hammer":8,"minecraft:stone_pickaxe":178,"minecraft:wooden_pickaxe":58,"minecraft:wooden_shovel":17,"minecraft:torch":6,"minecraft:dirt":12,"minecraft:crafting_table":2,"apocalypsenow:coke":3,"minecraft:wooden_axe":9,"minecraft:wooden_sword":18,"minecraft:potion":7,"minecraft:furnace":1},"minecraft:killed":{"zombie_extreme:crawler":2,"minecraft:husk":2,"hordes:zombie_player":2,"undead_revamp2:the_moonflower":1,"undead_revamp2:thesmoker":4,"minecraft:zombie":17,"zombie_extreme:runner":6,"minecraft:cow":2},"minecraft:picked_up":{"minecraft:birch_log":31,"minecraft:charcoal":2,"tac:round45":2,"minecraft:crafting_table":2,"minecraft:jungle_log":14,"minecraft:leather":2,"minecraft:wooden_pickaxe":1,"minecraft:brown_bed":1,"minecraft:potion":2,"minecraft:oak_log":29,"minecraft:dirt":52,"minecraft:string":38,"minecraft:bone":24,"apocalypsenow:human_flesh":14,"alexsmobs:banana":1,"ftbquests:book":1,"minecraft:beef":8,"minecraft:stone_pickaxe":1,"minecraft:jungle_sapling":2,"tac:9mm_round":1,"minecraft:birch_sapling":3,"minecraft:oak_planks":9,"apocalypsenow:blue_football_armor_boots":1,"firstaid:plaster":1,"minecraft:stick":17,"minecraft:raw_iron":5,"apocalypsenow:u_sarmy_chestplate":2,"minecraft:torch":12,"minecraft:gravel":1,"chalk:blue_chalk":1,"minecraft:carrot":1,"minecraft:stone_sword":3,"minecraft:rotten_flesh":16,"apocalypsenow:baseball_bat":1,"apocalypsenow:bikers_helmet":1,"minecraft:oak_sapling":3,"minecraft:iron_bars":2,"minecraft:coal":66,"minecraft:cobblestone":171},"minecraft:dropped":{"apocalypsenow:human_flesh":2,"minecraft:stone_sword":2,"apocalypsenow:baseball_bat":1,"minecraft:torch":6,"minecraft:potion":1,"firstaid:plaster":1,"ftbquests:book":1,"chalk:blue_chalk":1},"minecraft:killed_by":{"undead_revamp2:bomber":1,"minecraft:zombie":2,"zombie_extreme:runner":2,"hordes:zombie_player":1,"undead_revamp2:thesmoker":8},"minecraft:broken":{"apocalypsenow:bikers_helmet":1,"minecraft:wooden_pickaxe":1}},"DataVersion":2975}