{"stats":{"minecraft:crafted":{"minecraft:wooden_pickaxe":1,"minecraft:stick":4},"minecraft:custom":{"minecraft:interact_with_smithing_table":1,"lootr:looted_stat":10,"minecraft:mob_kills":29,"minecraft:toilet_used":1,"minecraft:interact_with_crafting_table":1,"minecraft:interact_with_cartography_table":2,"minecraft:stove_opened":2,"minecraft:interact_with_stonecutter":1,"minecraft:leave_game":1,"minecraft:time_since_death":1706,"minecraft:climb_one_cm":601,"minecraft:time_since_rest":1745,"minecraft:sprint_one_cm":85126,"minecraft:damage_taken":1922,"minecraft:walk_one_cm":274629,"minecraft:fridge_opened":4,"minecraft:drop":8,"minecraft:damage_dealt":4450,"minecraft:freezer_opened":4,"minecraft:fly_one_cm":34876,"minecraft:crouch_one_cm":365,"minecraft:play_time":58079,"minecraft:deaths":5,"minecraft:sneak_time":95,"minecraft:jump":452,"minecraft:total_world_time":58079,"minecraft:interact_with_smoker":1,"minecraft:fall_one_cm":17377},"minecraft:mined":{"minecraft:dark_oak_planks":11,"embellishcraft:white_steel_door":1,"pfm:basic_sink":1,"minecraft:crafting_table":1,"minecraft:grass_block":5,"create:polished_cut_calcite_wall":1,"minecraft:spawner":5,"create:cut_calcite":2,"minecraft:dark_oak_trapdoor":1,"rocks:oak_stick":1,"minecraft:pumpkin":1,"minecraft:dark_oak_stairs":2,"minecraft:grass":1,"minecraft:coal_ore":13,"rocks:birch_stick":1,"minecraft:dirt":20,"pfm:oak_gray_simple_bed":1,"minecraft:stone_bricks":1,"minecraft:stone":5,"create:dark_oak_window_pane":10},"minecraft:killed":{"undead_revamp2:the_moonflower":1,"undead_revamp2:thesmoker":2,"undead_revamp2:bomber":3,"minecraft:zombie":21,"zombie_extreme:infected_police":1},"minecraft:used":{"pfm:oak_gray_simple_bed":1,"apocalypsenow:vodka":4,"apocalypsenow:ballpeen_hammer":12,"minecraft:wooden_pickaxe":47,"apocalypsenow:chips":1,"farmersdelight:melon_juice":17,"minecraft:torch":1,"minecraft:dark_oak_trapdoor":1,"minecraft:dirt":14,"farmersdelight:chicken_sandwich":3,"apocalypsenow:coke":4,"apocalypsenow:u_sarmy_leggings":1,"farmersdelight:apple_cider":4,"apocalypsenow:dagger":197,"farmersdelight:egg_sandwich":2,"apocalypsenow:porpsi":2,"apocalypsenow:cereal":4,"farmersdelight:hamburger":2},"minecraft:dropped":{"apocalypsenow:small_can":2,"minecraft:glass_bottle":1,"embellishcraft:white_steel_door":1,"minecraft:dirt":20,"apocalypsenow:dagger":1,"apocalypsenow:glassbottle":1},"minecraft:picked_up":{"tac:round45":3,"apocalypsenow:fire_figther_boots":1,"minecraft:potato":2,"minecraft:gunpowder":3,"embellishcraft:white_steel_door":2,"minecraft:string":22,"minecraft:dirt":35,"minecraft:dark_oak_trapdoor":1,"pfm:oak_gray_simple_bed":1,"apocalypsenow:u_sarmy_leggings":1,"minecraft:bone":20,"minecraft:stone_bricks":1,"create:polished_cut_calcite_wall":1,"minecraft:glass_bottle":1,"tac:9mm_round":9,"minecraft:dark_oak_stairs":2,"minecraft:stick":2,"minecraft:pumpkin":1,"apocalypsenow:small_can":3,"apocalypsenow:dagger":1,"apocalypsenow:fire_figther_leggings":1,"minecraft:dark_oak_planks":10,"pfm:basic_sink":1,"minecraft:rotten_flesh":16,"minecraft:coal":11,"create:cut_calcite":2},"minecraft:killed_by":{"undead_revamp2:the_moonflower":1,"minecraft:zombie":2,"zombie_extreme:runner":1,"undead_revamp2:thesmoker":1}},"DataVersion":2975}