{"stats":{"minecraft:custom":{"minecraft:interact_with_furnace":5,"minecraft:mob_kills":23,"minecraft:interact_with_crafting_table":6,"minecraft:damage_dealt_resisted":227,"minecraft:leave_game":4,"minecraft:time_since_death":0,"minecraft:time_since_rest":2030,"minecraft:sprint_one_cm":15041,"minecraft:damage_taken":1008,"minecraft:walk_one_cm":161091,"minecraft:drop":9,"minecraft:damage_dealt":2837,"minecraft:damage_dealt_absorbed":40,"minecraft:fly_one_cm":26157,"minecraft:crouch_one_cm":78,"minecraft:play_time":42513,"minecraft:deaths":4,"minecraft:sneak_time":46,"minecraft:jump":462,"minecraft:total_world_time":42513,"minecraft:fall_one_cm":12166},"minecraft:crafted":{"minecraft:cooked_beef":3,"minecraft:wooden_sword":1,"minecraft:oak_planks":70,"minecraft:wooden_shovel":2,"minecraft:crafting_table":1,"minecraft:wooden_pickaxe":1,"minecraft:iron_sword":1,"minecraft:furnace":1,"minecraft:stone_axe":1,"minecraft:stick":44,"minecraft:iron_ingot":3,"minecraft:stone_pickaxe":1,"minecraft:wooden_axe":1,"minecraft:stone_sword":3},"minecraft:mined":{"minecraft:crafting_table":1,"minecraft:glow_lichen":1,"minecraft:grass_block":6,"minecraft:wall_torch":1,"minecraft:furnace":1,"minecraft:iron_ore":3,"minecraft:birch_leaves":1,"minecraft:grass":3,"minecraft:oak_log":17,"minecraft:gravel":1,"minecraft:dirt":31,"minecraft:stone":91,"minecraft:oak_leaves":8},"minecraft:killed":{"minecraft:husk":1,"undead_revamp2:thesmoker":2,"minecraft:zombie":14,"minecraft:chicken":1,"zombie_extreme:runner":3,"zombiemobs:zombie_cow":1,"minecraft:cow":2},"minecraft:killed_by":{"minecraft:player":1,"hordes:zombie_player":1,"minecraft:cow":1},"minecraft:broken":{"minecraft:wooden_pickaxe":1},"minecraft:used":{"minecraft:stone_sword":65,"minecraft:stone_pickaxe":40,"minecraft:wooden_pickaxe":59,"minecraft:iron_sword":24,"minecraft:wooden_shovel":25,"minecraft:torch":9,"minecraft:dirt":5,"minecraft:crafting_table":2,"minecraft:oak_log":1,"minecraft:stone_axe":8,"minecraft:potion":2,"minecraft:furnace":2},"minecraft:picked_up":{"minecraft:birch_log":4,"minecraft:crafting_table":1,"minecraft:chicken":1,"minecraft:leather":3,"minecraft:oak_log":38,"minecraft:dirt":40,"minecraft:string":2,"minecraft:bone":4,"minecraft:apple":1,"ftbquests:book":2,"minecraft:beef":3,"minecraft:birch_sapling":3,"minecraft:furnace":1,"minecraft:stick":8,"minecraft:raw_iron":3,"minecraft:torch":8,"minecraft:stone_sword":1,"minecraft:rotten_flesh":8,"minecraft:oak_sapling":11,"minecraft:cobblestone":101},"minecraft:dropped":{"minecraft:oak_log":1,"minecraft:stone_sword":3,"minecraft:stick":1,"minecraft:potion":1,"minecraft:birch_log":1,"ftbquests:book":2}},"DataVersion":2975}