{"stats":{"minecraft:mined":{"minecraft:spruce_planks":10,"minecraft:oak_sapling":2,"embellishcraft:air_duct":3,"minecraft:quartz_stairs":3,"farmersdelight:wild_carrots":1,"minecraft:jungle_leaves":3,"embellishcraft:spruce_wooden_crate":5,"minecraft:gray_stained_glass_pane":5,"minecraft:glow_lichen":1,"minecraft:ladder":3,"immersiveengineering:concrete_quarter":1,"minecraft:grass_block":71,"minecraft:stone_brick_wall":6,"create:polished_cut_calcite_wall":4,"cfm:rock_path":1,"minecraft:spruce_leaves":1,"biomesoplenty:dead_grass":1,"rocks:rock":3,"minecraft:spawner":17,"create:cut_calcite":3,"minecraft:large_fern":1,"minecraft:smooth_stone":12,"simplylight:illuminant_block_on":20,"minecraft:jungle_sapling":1,"minecraft:iron_ore":5,"rocks:oak_stick":1,"minecraft:brown_bed":1,"minecraft:pointed_dripstone":1,"minecraft:vine":5,"biomesoplenty:mahogany_leaves":2,"minecraft:quartz_slab":6,"minecraft:iron_bars":6,"embellishcraft:spruce_plain_door":1,"minecraft:stone":273,"create:dark_oak_window_pane":6,"minecraft:podzol":8,"minecraft:gray_terracotta":1,"minecraft:quartz_block":5,"minecraft:glass_pane":4,"minecraft:red_bed":4,"cfm:oak_hedge":1,"minecraft:powder_snow":22,"minecraft:crafting_table":6,"minecraft:torch":7,"quark:framed_glass_pane":3,"minecraft:gray_stained_glass":4,"minecraft:melon":13,"quark:gray_framed_glass":2,"minecraft:campfire":1,"another_furniture:birch_shutter":1,"embellishcraft:polished_marble":10,"embellishcraft:smooth_slate_stairs":1,"embellishcraft:gneiss_large_bricks_wall":4,"minecraft:iron_door":1,"biomesoplenty:sprout":1,"minecraft:oak_planks":5,"minecraft:diorite":1,"minecraft:wall_torch":14,"minecraft:spruce_stairs":2,"quark:stripped_dark_oak_post":1,"embellishcraft:oak_wooden_crate":1,"minecraft:coarse_dirt":12,"minecraft:birch_log":23,"minecraft:birch_leaves":7,"minecraft:yellow_glazed_terracotta":2,"minecraft:smooth_stone_slab":2,"cfm:gray_kitchen_counter":1,"minecraft:grass":16,"embellishcraft:smooth_marble":23,"biomesoplenty:clover":1,"create:vertical_framed_glass_pane":1,"minecraft:oak_log":43,"minecraft:coal_ore":37,"minecraft:cocoa":1,"minecraft:gravel":4,"minecraft:dirt":138,"minecraft:cobweb":7,"minecraft:stone_bricks":30,"cfm:cyan_kitchen_counter":1,"quark:polished_calcite_vertical_slab":2,"minecraft:mossy_stone_bricks":2,"minecraft:oak_leaves":151,"minecraft:fern":17},"minecraft:killed_by":{"minecraft:husk":5,"minecraft:player":2,"zombie_extreme:runner":5,"hordes:zombie_player":8,"zombie_extreme:infected_police":1,"undead_revamp2:bomber":1,"minecraft:zombie":14,"undead_revamp2:thesmoker":12},"minecraft:dropped":{"apocalypsenow:human_flesh":2,"apocalypsenow:police_helmet":1,"minecraft:wheat_seeds":1,"embellishcraft:spruce_wooden_crate":2,"minecraft:cobblestone":15,"farmersdelight:salmon_roll":1,"minecraft:dirt":12,"rocks:cobblestone_splitter":1,"apocalypsenow:construction_boots":1,"minecraft:torch":6,"embellishcraft:steel_door":1,"minecraft:melon_slice":1,"minecraft:potion":2,"apocalypsenow:construction_helmet":7,"minecraft:wooden_sword":2,"apocalypsenow:can":5,"minecraft:string":8,"ftbquests:book":5,"minecraft:bone":10,"chalk:blue_chalk":1,"apocalypsenow:fire_figther_helmet":1,"minecraft:stone_sword":2,"minecraft:cocoa_beans":3,"create:polished_cut_calcite_wall":4,"another_furniture:birch_shutter":1,"apocalypsenow:bloodybandages":10,"apocalypsenow:baseball_bat":1,"simplylight:illuminant_block_on":2,"apocalypsenow:construction_chestplate":2,"apocalypsenow:serrated_machete":1,"apocalypsenow:fire_figther_leggings":3,"apocalypsenow:bayonet":1,"minecraft:stone_brick_wall":3,"apocalypsenow:knife_spear":1,"minecraft:quartz_stairs":1,"minecraft:mossy_stone_bricks":2,"apocalypsenow:electric_baton":6,"apocalypsenow:cooked_human_flesh":1,"minecraft:stone_bricks":17,"minecraft:iron_bars":4,"biomesoplenty:mahogany_sapling":2,"apocalypsenow:can_opener":1,"firstaid:plaster":1,"minecraft:quartz_slab":4},"minecraft:killed":{"zombiemobs:zombie_horsee":2,"hordes:zombie_player":3,"zombiemobs:zombie_chicken":1,"undead_revamp2:thesmoker":10,"alexsmobs:seagull":1,"zombiemobs:zombie_wolf":1,"zombie_extreme:runner":13,"zombie_extreme:crawler":4,"minecraft:parrot":1,"minecraft:husk":42,"undead_revamp2:the_moonflower":14,"zombiemobs:zombie_fox":1,"minecraft:sheep":1,"minecraft:zombie":201,"zombie_extreme:infected_police":1,"alexsmobs:fly":2,"minecraft:cow":2},"minecraft:crafted":{"minecraft:wooden_sword":5,"minecraft:oak_planks":172,"minecraft:leather_leggings":1,"minecraft:furnace":3,"minecraft:cooked_mutton":1,"minecraft:leather":14,"minecraft:stone_pickaxe":3,"minecraft:wooden_shovel":2,"minecraft:crafting_table":7,"minecraft:wooden_pickaxe":5,"minecraft:leather_helmet":1,"minecraft:birch_planks":80,"minecraft:stone_axe":1,"minecraft:charcoal":14,"minecraft:stick":80,"apocalypsenow:cooked_human_flesh":1,"minecraft:leather_chestplate":1,"minecraft:wooden_axe":4,"minecraft:stone_sword":2,"minecraft:torch":6},"minecraft:used":{"farmersdelight:kelp_roll_slice":3,"minecraft:stone_sword":128,"apocalypsenow:ballpeen_hammer":8,"minecraft:spruce_planks":4,"embellishcraft:air_duct":3,"minecraft:wooden_shovel":17,"farmersdelight:melon_juice":4,"minecraft:torch":19,"minecraft:dirt":103,"apocalypsenow:coffee":4,"embellishcraft:smooth_marble":11,"minecraft:wooden_axe":26,"apocalypsenow:beer":2,"minecraft:quartz_slab":1,"farmersdelight:melon_popsicle":3,"cfm:gray_kitchen_counter":1,"apocalypsenow:serrated_machete":48,"apocalypsenow:money_block":1,"minecraft:stone_bricks":4,"minecraft:oak_sapling":1,"minecraft:furnace":3,"apocalypsenow:bayonet":12,"apocalypsenow:open_canned_pork":5,"farmersdelight:salmon_roll":1,"minecraft:pointed_dripstone":1,"embellishcraft:spruce_wooden_crate":1,"minecraft:cooked_mutton":1,"apocalypsenow:electric_baton":658,"minecraft:glass_bottle":10,"minecraft:birch_planks":1,"apocalypsenow:red_crowbar":1,"minecraft:stone_pickaxe":213,"minecraft:oak_planks":11,"minecraft:wooden_pickaxe":133,"embellishcraft:gneiss_large_bricks_wall":3,"minecraft:cookie":5,"simplylight:illuminant_block_on":16,"farmersdelight:chicken_sandwich":3,"minecraft:red_bed":3,"minecraft:crafting_table":8,"apocalypsenow:coke":3,"minecraft:melon_slice":21,"cgm:grenade":1,"apocalypsenow:expedition_knife":54,"minecraft:wooden_sword":103,"minecraft:cobblestone":5,"minecraft:potion":34,"minecraft:smooth_stone":9},"minecraft:broken":{"minecraft:wooden_pickaxe":2,"apocalypsenow:construction_chestplate":1,"minecraft:wooden_axe":1,"apocalypsenow:bikers_helmet":1},"minecraft:custom":{"lootr:looted_stat":32,"minecraft:mob_kills":406,"minecraft:interact_with_crafting_table":46,"minecraft:open_barrel":2,"minecraft:microwave_used":1,"minecraft:damage_dealt_resisted":189,"minecraft:leave_game":9,"minecraft:time_since_death":13735,"minecraft:climb_one_cm":52273,"minecraft:sprint_one_cm":1002725,"minecraft:walk_one_cm":1877572,"minecraft:drop":112,"minecraft:damage_dealt_absorbed":40,"minecraft:use_bathtub":2,"minecraft:talked_to_villager":3,"minecraft:play_time":523925,"minecraft:sneak_time":58,"minecraft:deaths":52,"minecraft:walk_under_water_one_cm":8497,"minecraft:boat_one_cm":53863,"minecraft:jump":4525,"minecraft:walk_on_water_one_cm":26414,"minecraft:total_world_time":523925,"minecraft:interact_with_furnace":27,"minecraft:stove_opened":3,"minecraft:trashcan_opened":1,"minecraft:interact_with_stonecutter":1,"minecraft:sleep_in_bed":15,"minecraft:time_since_rest":391,"minecraft:damage_taken":15495,"minecraft:damage_dealt":28865,"minecraft:player_kills":1,"minecraft:freezer_opened":11,"minecraft:fly_one_cm":235810,"minecraft:interact_with_smoker":2,"minecraft:fall_one_cm":101421},"minecraft:picked_up":{"minecraft:cocoa_beans":3,"minecraft:charcoal":2,"minecraft:crafting_table":6,"apocalypsenow:fire_figther_boots":1,"minecraft:leather_leggings":1,"minecraft:wooden_pickaxe":1,"minecraft:brown_bed":1,"minecraft:stone_brick_wall":6,"apocalypsenow:u_sarmy_helmet":1,"minecraft:potion":8,"apocalypsenow:can_opener":2,"minecraft:smooth_stone_slab":1,"tac:tec_9":1,"minecraft:string":334,"minecraft:red_bed":4,"minecraft:wooden_sword":2,"minecraft:quartz_slab":5,"quark:polished_calcite_vertical_slab":3,"apocalypsenow:medicalkit":4,"minecraft:smooth_stone":9,"alexsmobs:banana":2,"apocalypsenow:construction_boots":1,"minecraft:spruce_planks":9,"apocalypsenow:serrated_machete":2,"minecraft:beef":8,"minecraft:jungle_sapling":2,"minecraft:melon_slice":90,"minecraft:quartz_stairs":1,"minecraft:birch_sapling":12,"farmersdelight:kelp_roll_slice":3,"minecraft:stick":35,"minecraft:raw_iron":5,"embellishcraft:smooth_marble":49,"apocalypsenow:canned_pork":9,"minecraft:torch":22,"minecraft:spruce_stairs":2,"tac:mp9":1,"minecraft:cookie":7,"minecraft:pointed_dripstone":1,"chalk:blue_chalk":1,"minecraft:carrot":1,"simplylight:illuminant_block_on":21,"apocalypsenow:fire_figther_leggings":4,"tac:vector45":2,"farmersdelight:melon_popsicle":3,"minecraft:stone_sword":4,"embellishcraft:steel_door":1,"minecraft:rotten_flesh":319,"apocalypsenow:baseball_bat":1,"biomesoplenty:mahogany_sapling":2,"cfm:gray_kitchen_counter":1,"minecraft:gold_ingot":1,"embellishcraft:smooth_slate_stairs":2,"apocalypsenow:bikers_helmet":1,"farmersdelight:melon_juice":4,"minecraft:mutton":1,"minecraft:iron_bars":6,"apocalypsenow:money_block":1,"minecraft:white_wool":1,"minecraft:cobblestone":268,"minecraft:birch_log":53,"tac:round45":38,"apocalypsenow:knife_spear":2,"another_furniture:birch_shutter":1,"minecraft:feather":6,"artifacts:digging_claws":2,"minecraft:jungle_log":83,"minecraft:leather":2,"artifacts:thorn_pendant":1,"minecraft:potato":6,"minecraft:birch_planks":1,"minecraft:flint":1,"minecraft:oak_log":48,"apocalypsenow:construction_chestplate":5,"farmersdelight:chicken_sandwich":5,"quark:stripped_dark_oak_post":1,"minecraft:dirt":195,"apocalypsenow:canned_tomatos":5,"apocalypsenow:money":6,"embellishcraft:gneiss_large_bricks_wall":5,"artifacts:shock_pendant":2,"minecraft:cooked_mutton":2,"apocalypsenow:cooked_human_flesh":1,"apocalypsenow:u_sarmy_leggings":1,"minecraft:bone":383,"embellishcraft:spruce_wooden_crate":4,"minecraft:stone_bricks":21,"minecraft:wheat_seeds":3,"farmersdelight:salmon_roll":6,"apocalypsenow:human_flesh":24,"ftbquests:book":5,"apocalypsenow:beer":2,"minecraft:iron_ingot":5,"minecraft:stone_pickaxe":1,"apocalypsenow:fire_figther_helmet":1,"minecraft:mossy_stone_bricks":4,"create:polished_cut_calcite_wall":4,"minecraft:glass_bottle":16,"tac:9mm_round":82,"apocalypsenow:electric_baton":7,"apocalypsenow:red_crowbar":2,"minecraft:oak_planks":14,"tac:ae50":24,"apocalypsenow:blue_football_armor_boots":1,"firstaid:plaster":4,"apocalypsenow:canned_carrot":6,"apocalypsenow:u_sarmy_chestplate":2,"minecraft:sweet_berries":10,"minecraft:gravel":4,"apocalypsenow:police_leggings":1,"apocalypsenow:royal_canada_police_officer_boots":1,"apocalypsenow:royal_canada_police_officer_helmet":2,"apocalypsenow:bayonet":2,"minecraft:stone_axe":1,"quark:framed_glass_pane":4,"embellishcraft:air_duct":3,"alexsmobs:maggot":2,"quark:gray_shard":56,"minecraft:oak_sapling":13,"apocalypsenow:construction_helmet":9,"rocks:cobblestone_splitter":2,"minecraft:coal":69,"minecraft:diamond_pickaxe":1}},"DataVersion":2975}