{"stats":{"minecraft:crafted":{"minecraft:wooden_sword":3,"minecraft:oak_planks":148,"minecraft:wooden_shovel":2,"minecraft:leather_leggings":1,"minecraft:crafting_table":5,"minecraft:wooden_pickaxe":4,"minecraft:furnace":2,"minecraft:leather_helmet":1,"minecraft:birch_planks":80,"minecraft:cooked_mutton":1,"minecraft:leather":14,"minecraft:charcoal":14,"minecraft:stick":56,"minecraft:leather_chestplate":1,"apocalypsenow:cooked_human_flesh":1,"minecraft:stone_pickaxe":2,"minecraft:wooden_axe":4,"minecraft:stone_sword":1,"minecraft:torch":6},"minecraft:mined":{"minecraft:red_bed":3,"minecraft:oak_sapling":1,"minecraft:glass_pane":4,"farmersdelight:wild_carrots":1,"minecraft:jungle_leaves":1,"minecraft:crafting_table":4,"minecraft:torch":5,"minecraft:glow_lichen":1,"minecraft:ladder":3,"minecraft:grass_block":22,"minecraft:campfire":1,"rocks:rock":1,"minecraft:oak_planks":4,"minecraft:wall_torch":7,"minecraft:spawner":1,"quark:stripped_dark_oak_post":1,"minecraft:jungle_sapling":1,"minecraft:birch_log":23,"minecraft:iron_ore":5,"rocks:oak_stick":1,"minecraft:birch_leaves":7,"minecraft:brown_bed":1,"biomesoplenty:clover":1,"minecraft:grass":14,"minecraft:oak_log":37,"minecraft:pointed_dripstone":1,"minecraft:coal_ore":37,"minecraft:vine":5,"minecraft:iron_bars":2,"minecraft:gravel":4,"minecraft:dirt":46,"minecraft:mossy_stone_bricks":2,"minecraft:stone_bricks":17,"minecraft:stone":186,"minecraft:oak_leaves":65,"create:dark_oak_window_pane":2,"minecraft:fern":1},"minecraft:custom":{"minecraft:interact_with_furnace":21,"lootr:looted_stat":4,"minecraft:mob_kills":65,"minecraft:interact_with_crafting_table":32,"minecraft:leave_game":5,"minecraft:time_since_death":0,"minecraft:sleep_in_bed":4,"minecraft:climb_one_cm":6791,"minecraft:time_since_rest":77,"minecraft:sprint_one_cm":351206,"minecraft:damage_taken":9948,"minecraft:walk_one_cm":675156,"minecraft:drop":25,"minecraft:damage_dealt":6992,"minecraft:player_kills":1,"minecraft:talked_to_villager":1,"minecraft:freezer_opened":1,"minecraft:fly_one_cm":95106,"minecraft:play_time":234025,"minecraft:deaths":40,"minecraft:walk_under_water_one_cm":2439,"minecraft:jump":1620,"minecraft:walk_on_water_one_cm":2823,"minecraft:interact_with_smoker":1,"minecraft:total_world_time":234025,"minecraft:fall_one_cm":50950},"minecraft:killed":{"zombie_extreme:crawler":2,"minecraft:parrot":1,"minecraft:husk":7,"hordes:zombie_player":2,"undead_revamp2:the_moonflower":1,"undead_revamp2:thesmoker":4,"minecraft:sheep":1,"zombiemobs:zombie_fox":1,"minecraft:zombie":32,"alexsmobs:fly":1,"zombie_extreme:runner":9,"minecraft:cow":2},"minecraft:used":{"minecraft:cooked_mutton":1,"minecraft:stone_sword":99,"apocalypsenow:ballpeen_hammer":8,"minecraft:stone_pickaxe":178,"minecraft:oak_planks":11,"minecraft:wooden_pickaxe":98,"minecraft:wooden_shovel":17,"minecraft:cookie":5,"minecraft:torch":8,"minecraft:dirt":19,"minecraft:crafting_table":5,"minecraft:red_bed":2,"apocalypsenow:coke":3,"minecraft:wooden_axe":25,"apocalypsenow:serrated_machete":37,"minecraft:wooden_sword":73,"minecraft:potion":12,"minecraft:furnace":2,"minecraft:pointed_dripstone":1},"minecraft:picked_up":{"minecraft:birch_log":53,"tac:round45":2,"minecraft:charcoal":2,"minecraft:crafting_table":4,"minecraft:feather":2,"minecraft:jungle_log":83,"minecraft:leather":2,"minecraft:wooden_pickaxe":1,"minecraft:brown_bed":1,"minecraft:potion":2,"minecraft:flint":1,"minecraft:oak_log":42,"minecraft:red_bed":3,"minecraft:dirt":63,"quark:stripped_dark_oak_post":1,"minecraft:string":44,"apocalypsenow:cooked_human_flesh":1,"minecraft:bone":30,"minecraft:stone_bricks":17,"apocalypsenow:human_flesh":22,"alexsmobs:banana":2,"ftbquests:book":5,"apocalypsenow:serrated_machete":1,"minecraft:beef":8,"minecraft:stone_pickaxe":1,"minecraft:mossy_stone_bricks":4,"minecraft:jungle_sapling":2,"tac:9mm_round":3,"minecraft:birch_sapling":12,"minecraft:oak_planks":13,"apocalypsenow:blue_football_armor_boots":1,"firstaid:plaster":1,"minecraft:stick":21,"minecraft:raw_iron":5,"apocalypsenow:u_sarmy_chestplate":2,"minecraft:sweet_berries":10,"minecraft:torch":13,"minecraft:gravel":4,"minecraft:pointed_dripstone":1,"chalk:blue_chalk":1,"minecraft:carrot":1,"minecraft:stone_sword":3,"minecraft:rotten_flesh":30,"apocalypsenow:baseball_bat":1,"apocalypsenow:bikers_helmet":1,"minecraft:white_wool":1,"minecraft:mutton":1,"rocks:cobblestone_splitter":1,"minecraft:oak_sapling":6,"minecraft:iron_bars":2,"minecraft:coal":69,"minecraft:cobblestone":186},"minecraft:dropped":{"apocalypsenow:human_flesh":2,"minecraft:stone_sword":2,"apocalypsenow:baseball_bat":1,"rocks:cobblestone_splitter":1,"apocalypsenow:serrated_machete":1,"minecraft:torch":6,"minecraft:mossy_stone_bricks":2,"minecraft:potion":1,"minecraft:wooden_sword":1,"apocalypsenow:cooked_human_flesh":1,"minecraft:stone_bricks":17,"firstaid:plaster":1,"ftbquests:book":5,"chalk:blue_chalk":1},"minecraft:killed_by":{"minecraft:husk":4,"undead_revamp2:bomber":1,"minecraft:zombie":10,"zombie_extreme:runner":4,"hordes:zombie_player":7,"undead_revamp2:thesmoker":10},"minecraft:broken":{"minecraft:wooden_axe":1,"apocalypsenow:bikers_helmet":1,"minecraft:wooden_pickaxe":1}},"DataVersion":2975}