{"stats":{"minecraft:picked_up":{"create:cut_calcite":2,"tac:round45":4,"minecraft:crafting_table":1,"apocalypsenow:fire_figther_boots":1,"minecraft:birch_slab":8,"minecraft:wooden_pickaxe":1,"minecraft:potato":2,"minecraft:birch_planks":16,"minecraft:gunpowder":3,"apocalypsenow:construction_chestplate":3,"embellishcraft:white_steel_door":2,"minecraft:dirt":35,"minecraft:string":70,"minecraft:dark_oak_trapdoor":1,"pfm:oak_gray_simple_bed":1,"apocalypsenow:u_sarmy_leggings":1,"minecraft:bone":60,"apocalypsenow:construction_leggings":2,"minecraft:stone_bricks":1,"apocalypsenow:human_flesh":2,"minecraft:wheat_seeds":1,"apocalypsenow:construction_boots":1,"ftbquests:book":1,"minecraft:spruce_planks":18,"apocalypsenow:money":3,"minecraft:glass_bottle":3,"minecraft:smooth_quartz":5,"create:polished_cut_calcite_wall":1,"tac:9mm_round":10,"minecraft:dark_oak_stairs":2,"minecraft:book":3,"minecraft:stick":2,"embellishcraft:smooth_slate":2,"embellishcraft:smooth_marble":6,"minecraft:pumpkin":1,"apocalypsenow:small_can":8,"minecraft:torch":13,"minecraft:birch_stairs":6,"cfm:oak_hedge":3,"minecraft:carrot":1,"apocalypsenow:dagger":1,"apocalypsenow:iron_baseball_bat":1,"apocalypsenow:coke":1,"apocalypsenow:fire_figther_leggings":1,"minecraft:dark_oak_planks":10,"pfm:basic_sink":1,"apocalypsenow:porpsi":5,"apocalypsenow:whisky":1,"minecraft:rotten_flesh":58,"minecraft:gold_ingot":4,"quark:gray_shard":30,"minecraft:coal":11,"rocks:cobblestone_splitter":1,"apocalypsenow:apple_juice":2},"minecraft:used":{"minecraft:dark_oak_stairs":1,"apocalypsenow:vodka":4,"apocalypsenow:ballpeen_hammer":12,"minecraft:birch_planks":3,"minecraft:wooden_pickaxe":70,"apocalypsenow:chips":1,"farmersdelight:melon_juice":17,"minecraft:torch":3,"minecraft:dark_oak_trapdoor":1,"minecraft:dirt":14,"farmersdelight:chicken_sandwich":3,"minecraft:crafting_table":2,"apocalypsenow:coke":4,"apocalypsenow:u_sarmy_leggings":1,"apocalypsenow:pipe_wrench":9,"embellishcraft:smooth_marble":2,"minecraft:dark_oak_planks":1,"farmersdelight:apple_cider":4,"apocalypsenow:iron_baseball_bat":66,"minecraft:birch_slab":4,"apocalypsenow:dagger":289,"minecraft:wooden_sword":56,"farmersdelight:egg_sandwich":2,"apocalypsenow:porpsi":2,"apocalypsenow:golf_stick":19,"apocalypsenow:cereal":4,"apocalypsenow:gardening_scissors":2,"minecraft:birch_stairs":2,"farmersdelight:hamburger":2,"pfm:oak_gray_simple_bed":1},"minecraft:broken":{"apocalypsenow:construction_boots":1},"minecraft:killed_by":{"minecraft:husk":1,"undead_revamp2:the_moonflower":1,"minecraft:zombie":7,"zombie_extreme:runner":1,"hordes:zombie_player":2,"undead_revamp2:thesmoker":1},"minecraft:dropped":{"apocalypsenow:small_can":2,"minecraft:glass_bottle":1,"embellishcraft:white_steel_door":1,"minecraft:dirt":20,"apocalypsenow:dagger":1,"ftbquests:book":1,"apocalypsenow:glassbottle":1},"minecraft:custom":{"minecraft:interact_with_smithing_table":1,"minecraft:interact_with_furnace":1,"lootr:looted_stat":15,"minecraft:mob_kills":80,"minecraft:toilet_used":6,"minecraft:interact_with_crafting_table":9,"minecraft:interact_with_cartography_table":2,"minecraft:stove_opened":2,"minecraft:damage_dealt_resisted":16,"minecraft:trashcan_opened":1,"minecraft:interact_with_stonecutter":1,"minecraft:leave_game":5,"minecraft:time_since_death":869,"minecraft:climb_one_cm":11192,"minecraft:cabinet_searched":10,"minecraft:time_since_rest":900,"minecraft:sprint_one_cm":112469,"minecraft:damage_taken":4794,"minecraft:walk_one_cm":507927,"minecraft:fridge_opened":20,"minecraft:drop":9,"minecraft:damage_dealt":10486,"minecraft:freezer_opened":8,"minecraft:fly_one_cm":51043,"minecraft:crouch_one_cm":529,"minecraft:play_time":114351,"minecraft:deaths":13,"minecraft:sneak_time":420,"minecraft:jump":713,"minecraft:drawer_searched":2,"minecraft:total_world_time":114351,"minecraft:interact_with_smoker":1,"minecraft:fall_one_cm":26000},"minecraft:mined":{"minecraft:dark_oak_planks":11,"minecraft:birch_stairs":4,"minecraft:spruce_planks":18,"embellishcraft:white_steel_door":1,"cfm:oak_hedge":3,"pfm:basic_sink":1,"embellishcraft:smooth_slate":4,"minecraft:gray_stained_glass_pane":5,"minecraft:crafting_table":2,"minecraft:grass_block":5,"minecraft:gray_stained_glass":10,"create:polished_cut_calcite_wall":1,"minecraft:birch_slab":5,"rocks:rock":1,"minecraft:spawner":7,"create:cut_calcite":2,"minecraft:black_stained_glass_pane":1,"minecraft:birch_planks":17,"minecraft:dark_oak_trapdoor":1,"rocks:oak_stick":1,"minecraft:pumpkin":1,"minecraft:dark_oak_stairs":2,"minecraft:grass":2,"embellishcraft:smooth_marble":6,"minecraft:bookshelf":1,"minecraft:coal_ore":13,"rocks:birch_stick":1,"minecraft:dirt":20,"minecraft:smooth_quartz":2,"pfm:oak_gray_simple_bed":1,"minecraft:stone_bricks":1,"minecraft:stone":5,"minecraft:oak_leaves":1,"create:dark_oak_window_pane":18},"minecraft:killed":{"minecraft:husk":2,"hordes:zombie_player":1,"undead_revamp2:the_moonflower":3,"undead_revamp2:thesmoker":4,"undead_revamp2:bomber":3,"minecraft:zombie":55,"zombie_extreme:infected_police":1,"zombie_extreme:runner":1},"minecraft:crafted":{"minecraft:wooden_sword":3,"minecraft:crafting_table":1,"minecraft:wooden_pickaxe":3,"minecraft:stick":16,"minecraft:wooden_axe":1}},"DataVersion":2975}