{"stats":{"minecraft:picked_up":{"minecraft:cocoa_beans":3,"minecraft:charcoal":2,"minecraft:crafting_table":5,"apocalypsenow:fire_figther_boots":1,"minecraft:leather_leggings":1,"minecraft:wooden_pickaxe":1,"minecraft:brown_bed":1,"minecraft:potion":6,"apocalypsenow:can_opener":2,"minecraft:red_bed":4,"minecraft:string":68,"minecraft:wooden_sword":2,"apocalypsenow:medicalkit":2,"alexsmobs:banana":2,"minecraft:spruce_planks":3,"apocalypsenow:serrated_machete":2,"minecraft:beef":8,"minecraft:jungle_sapling":2,"minecraft:melon_slice":82,"minecraft:birch_sapling":12,"minecraft:stick":33,"minecraft:raw_iron":5,"apocalypsenow:canned_pork":2,"minecraft:torch":22,"minecraft:spruce_stairs":2,"minecraft:cookie":3,"minecraft:pointed_dripstone":1,"chalk:blue_chalk":1,"minecraft:carrot":1,"apocalypsenow:fire_figther_leggings":1,"farmersdelight:melon_popsicle":3,"minecraft:stone_sword":4,"minecraft:rotten_flesh":70,"apocalypsenow:baseball_bat":1,"biomesoplenty:mahogany_sapling":2,"apocalypsenow:bikers_helmet":1,"farmersdelight:melon_juice":4,"minecraft:mutton":1,"minecraft:iron_bars":2,"minecraft:cobblestone":232,"minecraft:white_wool":1,"minecraft:birch_log":53,"tac:round45":11,"apocalypsenow:knife_spear":2,"minecraft:feather":2,"minecraft:jungle_log":83,"minecraft:leather":2,"minecraft:flint":1,"minecraft:oak_log":44,"quark:stripped_dark_oak_post":1,"apocalypsenow:canned_tomatos":5,"minecraft:dirt":156,"minecraft:cooked_mutton":2,"apocalypsenow:cooked_human_flesh":1,"minecraft:bone":68,"minecraft:stone_bricks":17,"minecraft:wheat_seeds":3,"apocalypsenow:human_flesh":22,"ftbquests:book":5,"minecraft:iron_ingot":1,"minecraft:stone_pickaxe":1,"minecraft:mossy_stone_bricks":4,"minecraft:glass_bottle":8,"tac:9mm_round":23,"minecraft:oak_planks":14,"apocalypsenow:canned_carrot":6,"apocalypsenow:blue_football_armor_boots":1,"firstaid:plaster":4,"apocalypsenow:u_sarmy_chestplate":2,"minecraft:sweet_berries":10,"minecraft:gravel":4,"minecraft:stone_axe":1,"minecraft:oak_sapling":12,"rocks:cobblestone_splitter":2,"minecraft:coal":69,"minecraft:diamond_pickaxe":1},"minecraft:used":{"minecraft:stone_sword":128,"apocalypsenow:ballpeen_hammer":8,"minecraft:wooden_shovel":17,"farmersdelight:melon_juice":4,"minecraft:torch":19,"minecraft:dirt":87,"minecraft:wooden_axe":26,"farmersdelight:melon_popsicle":3,"apocalypsenow:serrated_machete":48,"minecraft:oak_sapling":1,"minecraft:furnace":3,"apocalypsenow:open_canned_pork":5,"minecraft:pointed_dripstone":1,"minecraft:cooked_mutton":1,"minecraft:stone_pickaxe":213,"minecraft:oak_planks":11,"minecraft:wooden_pickaxe":117,"minecraft:cookie":5,"minecraft:crafting_table":7,"minecraft:red_bed":3,"apocalypsenow:coke":3,"minecraft:melon_slice":14,"apocalypsenow:expedition_knife":54,"minecraft:wooden_sword":99,"minecraft:potion":15},"minecraft:broken":{"minecraft:wooden_pickaxe":2,"minecraft:wooden_axe":1,"apocalypsenow:bikers_helmet":1},"minecraft:killed_by":{"minecraft:husk":4,"minecraft:player":1,"zombie_extreme:runner":5,"hordes:zombie_player":7,"zombie_extreme:infected_police":1,"undead_revamp2:bomber":1,"minecraft:zombie":12,"undead_revamp2:thesmoker":11},"minecraft:mined":{"minecraft:spruce_planks":3,"minecraft:oak_sapling":2,"farmersdelight:wild_carrots":1,"minecraft:jungle_leaves":3,"minecraft:glow_lichen":1,"minecraft:ladder":3,"minecraft:grass_block":52,"minecraft:spruce_leaves":1,"biomesoplenty:dead_grass":1,"rocks:rock":3,"minecraft:spawner":1,"minecraft:large_fern":1,"minecraft:jungle_sapling":1,"minecraft:iron_ore":5,"rocks:oak_stick":1,"minecraft:brown_bed":1,"minecraft:pointed_dripstone":1,"biomesoplenty:mahogany_leaves":2,"minecraft:vine":5,"minecraft:iron_bars":2,"minecraft:stone":232,"create:dark_oak_window_pane":2,"minecraft:glass_pane":4,"minecraft:red_bed":4,"minecraft:crafting_table":5,"minecraft:torch":7,"minecraft:melon":13,"minecraft:campfire":1,"biomesoplenty:sprout":1,"minecraft:oak_planks":5,"minecraft:wall_torch":14,"minecraft:spruce_stairs":2,"quark:stripped_dark_oak_post":1,"minecraft:birch_log":23,"minecraft:birch_leaves":7,"minecraft:grass":16,"biomesoplenty:clover":1,"minecraft:oak_log":39,"minecraft:coal_ore":37,"minecraft:cocoa":1,"minecraft:gravel":4,"minecraft:dirt":115,"minecraft:cobweb":2,"minecraft:stone_bricks":17,"minecraft:mossy_stone_bricks":2,"minecraft:oak_leaves":142,"minecraft:fern":17},"minecraft:custom":{"lootr:looted_stat":13,"minecraft:mob_kills":98,"minecraft:interact_with_crafting_table":39,"minecraft:microwave_used":1,"minecraft:damage_dealt_resisted":1,"minecraft:leave_game":7,"minecraft:time_since_death":0,"minecraft:climb_one_cm":10972,"minecraft:sprint_one_cm":630756,"minecraft:walk_one_cm":1193075,"minecraft:drop":33,"minecraft:talked_to_villager":1,"minecraft:play_time":355558,"minecraft:deaths":46,"minecraft:walk_under_water_one_cm":3643,"minecraft:jump":3235,"minecraft:walk_on_water_one_cm":10992,"minecraft:total_world_time":355558,"minecraft:interact_with_furnace":26,"minecraft:trashcan_opened":1,"minecraft:sleep_in_bed":10,"minecraft:time_since_rest":769,"minecraft:damage_taken":11738,"minecraft:damage_dealt":10358,"minecraft:fly_one_cm":169908,"minecraft:freezer_opened":9,"minecraft:player_kills":1,"minecraft:interact_with_smoker":2,"minecraft:fall_one_cm":71805},"minecraft:dropped":{"apocalypsenow:human_flesh":2,"minecraft:wheat_seeds":1,"rocks:cobblestone_splitter":1,"minecraft:torch":6,"minecraft:melon_slice":1,"minecraft:potion":1,"minecraft:wooden_sword":2,"apocalypsenow:can":5,"ftbquests:book":5,"chalk:blue_chalk":1,"minecraft:stone_sword":2,"minecraft:cocoa_beans":3,"apocalypsenow:baseball_bat":1,"apocalypsenow:serrated_machete":1,"apocalypsenow:knife_spear":1,"minecraft:mossy_stone_bricks":2,"apocalypsenow:cooked_human_flesh":1,"minecraft:stone_bricks":17,"biomesoplenty:mahogany_sapling":2,"apocalypsenow:can_opener":1,"firstaid:plaster":1},"minecraft:killed":{"zombiemobs:zombie_horsee":2,"hordes:zombie_player":2,"undead_revamp2:thesmoker":6,"zombie_extreme:runner":13,"zombie_extreme:crawler":3,"minecraft:parrot":1,"minecraft:husk":14,"undead_revamp2:the_moonflower":1,"minecraft:sheep":1,"zombiemobs:zombie_fox":1,"minecraft:zombie":49,"alexsmobs:fly":1,"minecraft:cow":2},"minecraft:crafted":{"minecraft:wooden_sword":4,"minecraft:oak_planks":156,"minecraft:leather_leggings":1,"minecraft:furnace":3,"minecraft:cooked_mutton":1,"minecraft:leather":14,"minecraft:stone_pickaxe":3,"minecraft:wooden_shovel":2,"minecraft:crafting_table":6,"minecraft:wooden_pickaxe":4,"minecraft:leather_helmet":1,"minecraft:birch_planks":80,"minecraft:stone_axe":1,"minecraft:charcoal":14,"minecraft:stick":76,"apocalypsenow:cooked_human_flesh":1,"minecraft:leather_chestplate":1,"minecraft:wooden_axe":4,"minecraft:stone_sword":2,"minecraft:torch":6}},"DataVersion":2975}