{"stats":{"minecraft:picked_up":{"create:cut_calcite":2,"apocalypsenow:apple_juice":2,"minecraft:crafting_table":2,"apocalypsenow:fire_figther_boots":1,"minecraft:wooden_pickaxe":1,"apocalypsenow:blue_football_armor_helmet":1,"embellishcraft:white_steel_door":2,"minecraft:string":111,"minecraft:dark_oak_trapdoor":1,"pfm:oak_gray_simple_bed":5,"minecraft:spruce_planks":18,"apocalypsenow:construction_boots":1,"apocalypsenow:can":5,"minecraft:smooth_quartz":5,"minecraft:spruce_slab":3,"minecraft:stick":2,"embellishcraft:smooth_slate":2,"embellishcraft:smooth_marble":6,"minecraft:torch":14,"minecraft:carrot":1,"apocalypsenow:iron_baseball_bat":1,"quark:spruce_vertical_slab":1,"apocalypsenow:fire_figther_leggings":1,"minecraft:dark_oak_planks":10,"apocalypsenow:porpsi":5,"apocalypsenow:whisky":1,"minecraft:rotten_flesh":82,"minecraft:gold_ingot":4,"tac:round45":7,"minecraft:leather_chestplate":1,"minecraft:birch_slab":8,"minecraft:potato":2,"minecraft:birch_planks":20,"minecraft:gunpowder":3,"refinedstorage:improved_processor":1,"apocalypsenow:construction_chestplate":3,"minecraft:dirt":35,"apocalypsenow:u_sarmy_leggings":1,"minecraft:bone":106,"apocalypsenow:construction_leggings":2,"minecraft:stone_bricks":1,"minecraft:wheat_seeds":1,"apocalypsenow:human_flesh":3,"ftbquests:book":1,"apocalypsenow:money":3,"refinedstorage:cable":5,"tac:9mm_round":10,"minecraft:glass_bottle":8,"create:polished_cut_calcite_wall":1,"minecraft:dark_oak_stairs":2,"minecraft:book":3,"minecraft:pumpkin":1,"apocalypsenow:small_can":8,"minecraft:birch_stairs":6,"cfm:oak_hedge":3,"apocalypsenow:dagger":1,"apocalypsenow:coke":1,"pfm:basic_sink":1,"immersiveengineering:seed":1,"quark:gray_shard":30,"minecraft:coal":11,"rocks:cobblestone_splitter":1},"minecraft:used":{"apocalypsenow:ballpeen_hammer":12,"minecraft:spruce_slab":3,"apocalypsenow:chips":1,"farmersdelight:melon_juice":28,"minecraft:torch":5,"minecraft:dirt":14,"apocalypsenow:pipe_wrench":9,"minecraft:wooden_axe":5,"embellishcraft:smooth_marble":2,"minecraft:dark_oak_planks":1,"apocalypsenow:gardening_axe":46,"farmersdelight:melon_popsicle":3,"quark:spruce_vertical_slab":1,"apocalypsenow:porpsi":2,"apocalypsenow:gardening_scissors":2,"farmersdelight:hamburger":2,"minecraft:dark_oak_stairs":1,"apocalypsenow:vodka":4,"apocalypsenow:electric_baton":79,"minecraft:birch_planks":3,"minecraft:stone_pickaxe":12,"minecraft:wooden_pickaxe":70,"minecraft:dark_oak_trapdoor":1,"farmersdelight:chicken_sandwich":3,"farmersdelight:cod_slice":4,"minecraft:crafting_table":4,"apocalypsenow:coke":4,"apocalypsenow:u_sarmy_leggings":1,"farmersdelight:hot_cocoa":1,"farmersdelight:apple_cider":10,"apocalypsenow:iron_baseball_bat":66,"minecraft:birch_slab":4,"apocalypsenow:expedition_knife":45,"apocalypsenow:dagger":289,"minecraft:wooden_sword":57,"farmersdelight:egg_sandwich":2,"apocalypsenow:golf_stick":19,"apocalypsenow:cereal":4,"minecraft:birch_stairs":2,"pfm:oak_gray_simple_bed":1},"minecraft:broken":{"apocalypsenow:construction_boots":1,"apocalypsenow:blue_football_armor_helmet":1},"minecraft:killed_by":{"minecraft:husk":1,"undead_revamp2:the_moonflower":2,"zombie_extreme:runner":1,"hordes:zombie_player":3,"undead_revamp2:bomber":1,"minecraft:zombie":10,"undead_revamp2:thesmoker":1},"minecraft:dropped":{"minecraft:glass_bottle":10,"apocalypsenow:canned_carrot":6,"tac:round45":8,"minecraft:cookie":3,"apocalypsenow:medicalkit":2,"embellishcraft:white_steel_door":1,"apocalypsenow:canned_tomatos":5,"minecraft:dirt":20,"farmersdelight:melon_popsicle":3,"minecraft:melon_slice":14,"minecraft:potion":4,"minecraft:wooden_sword":1,"ftbquests:book":1,"apocalypsenow:glassbottle":1,"farmersdelight:melon_juice":4,"minecraft:stone_axe":1,"minecraft:stone_sword":1,"apocalypsenow:small_can":2,"minecraft:rotten_flesh":2,"refinedstorage:improved_processor":1,"apocalypsenow:canned_pork":2,"minecraft:leather_chestplate":1,"apocalypsenow:serrated_machete":1,"minecraft:diamond_pickaxe":1,"apocalypsenow:knife_spear":1,"apocalypsenow:dagger":1,"minecraft:leather_leggings":1,"apocalypsenow:can_opener":1,"tac:9mm_round":18,"firstaid:plaster":3},"minecraft:mined":{"minecraft:spruce_planks":18,"embellishcraft:white_steel_door":1,"minecraft:gray_stained_glass_pane":5,"minecraft:grass_block":5,"create:polished_cut_calcite_wall":1,"minecraft:birch_slab":5,"rocks:rock":1,"minecraft:spawner":19,"create:cut_calcite":2,"minecraft:black_stained_glass_pane":1,"create:framed_glass_pane":2,"minecraft:dark_oak_trapdoor":1,"rocks:oak_stick":1,"minecraft:pumpkin":1,"minecraft:dark_oak_stairs":2,"minecraft:bookshelf":1,"rocks:birch_stick":1,"minecraft:stone":5,"create:dark_oak_window_pane":18,"minecraft:spruce_slab":3,"minecraft:birch_stairs":4,"cfm:oak_hedge":3,"pfm:basic_sink":1,"embellishcraft:smooth_slate":4,"minecraft:crafting_table":3,"minecraft:gray_stained_glass":10,"minecraft:birch_planks":21,"quark:spruce_vertical_slab":1,"minecraft:grass":3,"embellishcraft:smooth_marble":6,"minecraft:coal_ore":13,"minecraft:smooth_quartz":2,"minecraft:dirt":20,"pfm:oak_gray_simple_bed":5,"minecraft:cobweb":1,"minecraft:stone_bricks":1,"minecraft:oak_leaves":1,"minecraft:dark_oak_planks":11},"minecraft:custom":{"minecraft:interact_with_smithing_table":1,"lootr:looted_stat":30,"minecraft:mob_kills":133,"minecraft:interact_with_crafting_table":12,"minecraft:damage_dealt_resisted":16,"minecraft:leave_game":6,"minecraft:time_since_death":34787,"minecraft:climb_one_cm":13130,"minecraft:sprint_one_cm":143692,"minecraft:walk_one_cm":816399,"minecraft:fridge_opened":32,"minecraft:drop":36,"minecraft:play_time":181723,"minecraft:deaths":20,"minecraft:sneak_time":431,"minecraft:walk_under_water_one_cm":1188,"minecraft:jump":1301,"minecraft:drawer_searched":2,"minecraft:walk_on_water_one_cm":4623,"minecraft:total_world_time":181723,"minecraft:interact_with_furnace":1,"minecraft:toilet_used":6,"minecraft:interact_with_cartography_table":2,"minecraft:stove_opened":2,"minecraft:trashcan_opened":1,"minecraft:interact_with_stonecutter":1,"minecraft:cabinet_searched":10,"minecraft:time_since_rest":34919,"minecraft:damage_taken":6876,"minecraft:damage_dealt":15124,"minecraft:fly_one_cm":73498,"minecraft:freezer_opened":13,"minecraft:player_kills":1,"minecraft:crouch_one_cm":529,"minecraft:interact_with_smoker":1,"minecraft:fall_one_cm":43906},"minecraft:killed":{"hordes:zombie_player":1,"undead_revamp2:thesmoker":5,"undead_revamp2:bomber":3,"zombie_extreme:runner":1,"minecraft:husk":4,"undead_revamp2:the_moonflower":4,"minecraft:zombie":101,"zombie_extreme:infected_police":1},"minecraft:crafted":{"minecraft:wooden_sword":3,"minecraft:crafting_table":2,"minecraft:wooden_pickaxe":3,"minecraft:diamond_pickaxe":1,"minecraft:stick":16,"minecraft:wooden_axe":1}},"DataVersion":2975}